{
  "version": 1,
  "author": "Uri Shaked",
  "editor": "wokwi",
  "parts": [
    {
      "type": "wokwi-pi-pico",
      "id": "pico",
      "top": 25.65,
      "left": 61.2,
      "attrs": { "env": "arduino-community" }
    },
    {
      "type": "wokwi-led",
      "id": "led1",
      "top": 171.6,
      "left": 313.8,
      "rotate": 90,
      "attrs": { "color": "red" }
    },
    {
      "type": "wokwi-led",
      "id": "led2",
      "top": 171.6,
      "left": 381,
      "rotate": 90,
      "attrs": { "color": "yellow" }
    },
    {
      "type": "wokwi-led",
      "id": "led3",
      "top": 258,
      "left": 505.8,
      "rotate": 90,
      "attrs": { "color": "green" }
    },
    {
      "type": "wokwi-pushbutton",
      "id": "btn1",
      "top": 111.8,
      "left": 153.6,
      "attrs": { "color": "green" }
    },
    {
      "type": "wokwi-buzzer",
      "id": "bz1",
      "top": 79.2,
      "left": 251.4,
      "attrs": { "volume": "0.1" }
    },
    {
      "type": "wokwi-led",
      "id": "led4",
      "top": 171.6,
      "left": 448.2,
      "rotate": 90,
      "attrs": { "color": "green" }
    },
    {
      "type": "wokwi-resistor",
      "id": "r1",
      "top": 195.95,
      "left": 240,
      "attrs": { "value": "65" }
    },
    {
      "type": "wokwi-resistor",
      "id": "r2",
      "top": 224.75,
      "left": 240,
      "attrs": { "value": "65" }
    },
    {
      "type": "wokwi-resistor",
      "id": "r3",
      "top": 282.35,
      "left": 240,
      "attrs": { "value": "40" }
    },
    {
      "type": "wokwi-resistor",
      "id": "r4",
      "top": 253.85,
      "left": 238.6,
      "rotate": 180,
      "attrs": { "value": "40" }
    },
    { "type": "wokwi-vcc", "id": "vcc1", "top": 87.16, "left": 220.8, "attrs": {} },
    { "type": "wokwi-gnd", "id": "gnd1", "top": 124.8, "left": 393, "attrs": {} }
  ],
  "connections": [
    [ "$serialMonitor:RX", "pico:GP0", "", [] ],
    [ "btn1:1.r", "vcc1:VCC", "green", [ "v0", "h29" ] ],
    [ "pico:GP22", "btn1:2.l", "green", [ "h20.4" ] ],
    [ "pico:GND.6", "bz1:1", "black", [ "h20.4", "v9.6" ] ],
    [ "pico:GP21", "bz1:2", "green", [ "h20.4", "v9.6", "h134.4" ] ],
    [ "gnd1:GND", "led1:C", "black", [ "v0", "h-67.2" ] ],
    [ "led2:C", "gnd1:GND", "black", [ "h0", "v-66.8" ] ],
    [ "led4:C", "gnd1:GND", "black", [ "h0", "v-66.8" ] ],
    [ "led1:A", "r1:2", "green", [ "h0" ] ],
    [ "led2:A", "r2:2", "green", [ "h-9.6", "v28.8" ] ],
    [ "r1:1", "pico:GP20", "green", [ "v-19.2", "h-86.4", "v-9.6", "h-19.2" ] ],
    [ "r2:1", "pico:GP19", "green", [ "v-19.2", "h-9.6", "v-19.2", "h-76.8", "v-9.6" ] ],
    [ "led4:A", "r4:1", "green", [ "h-9.6", "v57.6" ] ],
    [ "r4:2", "pico:GP18", "green", [ "v-19.2", "h-18", "v-38.4", "h-67.2", "v-9.6" ] ],
    [ "led3:A", "r3:2", "green", [ "h0" ] ],
    [ "led3:C", "gnd1:GND", "black", [ "h-9.6", "v-153.2" ] ],
    [ "r3:1", "pico:GP17", "green", [ "v-19.2", "h-28.8", "v-57.6", "h-57.6", "v-9.6" ] ]
  ],
  "dependencies": {}
}